text,tweet
well said amp i grateful strong efforts expand amp grow american agriculture,0 - Not A Traffic Incident
in weekly address president obama discusses progress made combating climate left,0 - Not A Traffic Incident
lavar really putting target lonzo back every time speaks,0 - Not A Traffic Incident
ready church service the greenleaf back amp lot questions answered,0 - Not A Traffic Incident
helping kids stay active healthy summer nationalnutritionmonth,0 - Not A Traffic Incident
honored colombia signing landmark peace agreement marking end war latin america,0 - Not A Traffic Incident
dealing food loss outage tips removing odors spoiled foods appliances,0 - Not A Traffic Incident
have great pregame speech recorded share play end friday coachandcoordinator,0 - Not A Traffic Incident
honestly wrong this thing normal human says,0 - Not A Traffic Incident
rt since move slightly delayed empty library,0 - Not A Traffic Incident
today parisagreement goes effect proud step taken int l community amp energized keep,0 - Not A Traffic Incident
congrats you winner autographed car thanks everyone participated,0 - Not A Traffic Incident
looking make little space vegas do ubox see,0 - Not A Traffic Incident
the sixth chakra lighthouse knowing as i believe intuition natural,0 - Not A Traffic Incident
seen fake news story recently you likely believe next time,0 - Not A Traffic Incident
constructive meeting president putin evening discussed several issues importance russia,0 - Not A Traffic Incident
heavy north hiring heos amp skilled labourers grande prairie apply today clacjobs,0 - Not A Traffic Incident
made extra special surprise visit new cadet class today get hyped hokies vt vtcc,0 - Not A Traffic Incident
hot dog styles from around world,0 - Not A Traffic Incident
